hit_labeled_pixels,geom_edge_pixels,geom_edge_frac,edge_components,edge_components_ge_min_size,largest_edge_component_px,partial_occluder_frac,optical_only_frac,acoustic_only_frac,solid_surface_frac,hard_smooth_frac,uncertain_frac,diag_index,scene,preset,view_note,seed
64438,3855,0.059824948012042585,532,13,817,0.0016605108786740743,0.027701045966665633,1.551879325863621e-05,0.714019677829852,0.1363325987771191,0.04073683230392005,1,material_targets,material_scan,baseline,42
64438,3858,0.05987150439181849,614,9,787,0.001629473292156802,0.026583692852043823,1.551879325863621e-05,0.7144231664545765,0.13307365219280548,0.04154380955336913,2,material_targets,material_scan,radius2,43
64753,3810,0.05883897271168903,546,19,845,0.012231093540067642,0.028091362562352323,0.00016987629916760615,0.7152718792951678,0.12661961607956387,0.043241239788117926,3,material_targets,material_scan,loose_fill,44
64430,3858,0.05987893838274096,574,9,852,0.0015831134564643799,0.02604376843085519,0.0,0.7153810336799628,0.13563557349060995,0.041067825547105384,4,material_targets,material_scan,fine_priority,45
64733,6393,0.09875951987394374,777,23,1973,0.012157632119629865,0.02636985772326325,0.00023172106962445738,0.6838088764617738,0.12051040427602613,0.04342452844762332,5,material_targets,material_scan,edge_rich,46
132456,7940,0.059944434378208615,1563,16,1271,0.0010343057317146827,0.015016307302047472,7.5496768738298e-06,0.729948058223108,0.1243129794044815,0.023305852509512594,6,material_targets,material_scan,hires,82
