{
  "scene": "material_targets",
  "preset": "material_scan",
  "description": "Material board / object inspection. Emphasizes acoustic, ultrasonic, softness, and polarization cues.",
  "width": 320,
  "height": 220,
  "lens": "pinhole",
  "camera_position": [
    -13.65,
    1.2999999999999998,
    0.0
  ],
  "camera_target": [
    0.0,
    0.95,
    0.0
  ],
  "sampling_mode": "halton",
  "rays_per_pixel": 4,
  "stacked_bursts": 2,
  "n_samples_per_burst": 281600,
  "wave": true,
  "L_ref": 5.089520251244199,
  "carrier_mode": "ensemble",
  "edge_anti_min": 0.3,
  "adaptive_edge_percentile": 94,
  "classification_style": "material_focus",
  "classifier_kwargs": {
    "edge_anti_min": 0.3,
    "adaptive_edge_percentile": 94.0,
    "material_labels": true,
    "attenuation_per_meter": 0.0
  },
  "auto_frame": {
    "enabled": true,
    "selected": {
      "score": 1.2255502275016756,
      "coverage": 0.41750133547008544,
      "depth_span_p05_p95": 9.132484929860208,
      "unique_pieces": 13,
      "index": 100,
      "position": [
        -13.65,
        1.2999999999999998,
        0.0
      ],
      "target": [
        0.0,
        0.95,
        0.0
      ],
      "fov_deg": 50.0
    },
    "passed": true,
    "min_coverage": 0.35,
    "min_depth_span": 3.0,
    "pilot_rays": 30000,
    "n_candidates": 145,
    "top_trials": [
      {
        "score": 1.2255502275016756,
        "coverage": 0.41750133547008544,
        "depth_span_p05_p95": 9.132484929860208,
        "unique_pieces": 13,
        "index": 100,
        "position": [
          -13.65,
          1.2999999999999998,
          0.0
        ],
        "target": [
          0.0,
          0.95,
          0.0
        ],
        "fov_deg": 50.0
      },
      {
        "score": 1.22310610573141,
        "coverage": 0.41716746794871795,
        "depth_span_p05_p95": 9.257504605454987,
        "unique_pieces": 12,
        "index": 82,
        "position": [
          13.65,
          1.2999999999999998,
          0.0
        ],
        "target": [
          0.0,
          0.95,
          0.0
        ],
        "fov_deg": 50.0
      },
      {
        "score": 1.2182757311646795,
        "coverage": 0.41339476495726496,
        "depth_span_p05_p95": 9.283107328775383,
        "unique_pieces": 13,
        "index": 28,
        "position": [
          -13.65,
          1.2999999999999998,
          0.0
        ],
        "target": [
          0.0,
          0.6499999999999999,
          0.0
        ],
        "fov_deg": 50.0
      },
      {
        "score": 1.2135348304693643,
        "coverage": 0.4128939636752137,
        "depth_span_p05_p95": 9.184876863082467,
        "unique_pieces": 11,
        "index": 10,
        "position": [
          13.65,
          1.2999999999999998,
          0.0
        ],
        "target": [
          0.0,
          0.6499999999999999,
          0.0
        ],
        "fov_deg": 50.0
      },
      {
        "score": 1.015536109675058,
        "coverage": 0.29894497863247865,
        "depth_span_p05_p95": 8.486967848466023,
        "unique_pieces": 13,
        "index": 101,
        "position": [
          -13.65,
          1.2999999999999998,
          0.0
        ],
        "target": [
          0.0,
          0.95,
          0.0
        ],
        "fov_deg": 62.0
      },
      {
        "score": 1.0136532544170547,
        "coverage": 0.29690838675213677,
        "depth_span_p05_p95": 8.835734110615864,
        "unique_pieces": 14,
        "index": 29,
        "position": [
          -13.65,
          1.2999999999999998,
          0.0
        ],
        "target": [
          0.0,
          0.6499999999999999,
          0.0
        ],
        "fov_deg": 62.0
      },
      {
        "score": 1.0120922524774765,
        "coverage": 0.3017494658119658,
        "depth_span_p05_p95": 12.612210798165282,
        "unique_pieces": 9,
        "index": 136,
        "position": [
          -9.652007563196372,
          1.2999999999999998,
          -9.652007563196372
        ],
        "target": [
          0.0,
          0.95,
          0.0
        ],
        "fov_deg": 50.0
      },
      {
        "score": 1.0111500624595964,
        "coverage": 0.29864449786324787,
        "depth_span_p05_p95": 8.604684042126998,
        "unique_pieces": 11,
        "index": 83,
        "position": [
          13.65,
          1.2999999999999998,
          0.0
        ],
        "target": [
          0.0,
          0.95,
          0.0
        ],
        "fov_deg": 62.0
      }
    ]
  },
  "depth_stats": {
    "coverage": 0.41671875,
    "hit_rays": 117348,
    "total_rays": 281600,
    "depth_p05": 3.4334457578233626,
    "depth_p50": 5.089520251244199,
    "depth_p95": 12.759996357626497,
    "depth_span_p05_p95": 9.326550599803134
  },
  "classification_counts": {
    "partial_occluder": 36,
    "geom_edge": 1778,
    "foliage": 1,
    "metal_or_glass": 125,
    "stone_hard": 23,
    "soft_material": 4,
    "wood_material": 244,
    "hard_smooth": 4331,
    "solid_surface": 20023,
    "optical_only": 1318,
    "acoustic_only": 0,
    "uncertain": 1833,
    "sky": 40684
  },
  "runtime_seconds": 6.84
}