piece_type,pixel_count,valid_pixel_count,ignored_pixel_count,expected_label,expected_label_frac,top_label,top_label_frac,report_suffix,metal_or_glass_frac,wood_material_frac,stone_hard_frac,soft_material_frac,foliage_frac,hard_smooth_frac,solid_surface_frac,geom_edge_frac,uncertain_frac,sky_frac,fill_edge_pixels,fill_filled_pixels,fill_kept_edge_pixels,fill_fill_rate,fill_filled_as_optical_only,fill_filled_as_solid_surface
bar_counter,930,930,0,wood_material,0.0,solid_surface,0.8526881720430107,filled_geom_edge,0.0,0.0,0.0,0.0,0.0,0.0,0.8526881720430107,0.001075268817204301,0.03870967741935484,0.0,5317,2429,2888,0.4568365619710363,41,2388
bottle,124,124,0,,,solid_surface,0.9838709677419355,filled_geom_edge,0.0,0.0,0.0,0.0,0.0,0.0,0.9838709677419355,0.0,0.016129032258064516,0.0,5317,2429,2888,0.4568365619710363,41,2388
chair,2747,2747,0,wood_material,0.0,solid_surface,0.9330178376410629,filled_geom_edge,0.0,0.0,0.0,0.0,0.0,0.0,0.9330178376410629,0.0,0.01892974153622133,0.0,5317,2429,2888,0.4568365619710363,41,2388
chair_back,3040,3040,0,,,solid_surface,0.962171052631579,filled_geom_edge,0.0,0.0,0.0,0.0,0.0,0.0,0.962171052631579,0.003947368421052632,0.024671052631578948,0.0,5317,2429,2888,0.4568365619710363,41,2388
shelf,456,456,0,wood_material,0.0,solid_surface,0.4605263157894737,filled_geom_edge,0.0,0.0,0.0,0.0,0.0,0.0,0.4605263157894737,0.125,0.40350877192982454,0.0,5317,2429,2888,0.4568365619710363,41,2388
stool,7,7,0,,,solid_surface,1.0,filled_geom_edge,0.0,0.0,0.0,0.0,0.0,0.0,1.0,0.0,0.0,0.0,5317,2429,2888,0.4568365619710363,41,2388
table_top,165,165,0,wood_material,0.0,solid_surface,0.7393939393939394,filled_geom_edge,0.0,0.0,0.0,0.0,0.0,0.0,0.7393939393939394,0.0,0.03636363636363636,0.0,5317,2429,2888,0.4568365619710363,41,2388
wood_floor,27526,27526,0,wood_material,0.0,solid_surface,0.9982561941437187,filled_geom_edge,0.0,0.0,0.0,0.0,0.0,0.0,0.9982561941437187,0.0,0.00025430502070769454,0.0,5317,2429,2888,0.4568365619710363,41,2388
wood_wall,53565,53565,0,wood_material,0.0,solid_surface,0.9442919817044712,filled_geom_edge,0.0,0.0,0.0,0.0,0.0,0.0,0.9442919817044712,0.05260897974423597,0.001754877251936899,0.0,5317,2429,2888,0.4568365619710363,41,2388
