piece_type,pixel_count,expected_label,expected_label_frac,top_label,top_label_frac,metal_or_glass_frac,wood_material_frac,stone_hard_frac,soft_material_frac,foliage_frac,hard_smooth_frac,solid_surface_frac,geom_edge_frac,uncertain_frac
bar_counter,930,wood_material,0.0,solid_surface,0.8258064516129032,0.0,0.0,0.0,0.0,0.0,0.0,0.8258064516129032,0.02795698924731183,0.03870967741935484
bottle,124,,,solid_surface,0.532258064516129,0.0,0.0,0.0,0.0,0.0,0.0,0.532258064516129,0.45161290322580644,0.016129032258064516
chair,2747,wood_material,0.0,solid_surface,0.9330178376410629,0.0,0.0,0.0,0.0,0.0,0.0,0.9330178376410629,0.0,0.01892974153622133
chair_back,3040,,,solid_surface,0.9605263157894737,0.0,0.0,0.0,0.0,0.0,0.0,0.9605263157894737,0.005592105263157895,0.024671052631578948
shelf,456,wood_material,0.0,uncertain,0.40350877192982454,0.0,0.0,0.0,0.0,0.0,0.0,0.2741228070175439,0.31798245614035087,0.40350877192982454
stool,7,,,solid_surface,1.0,0.0,0.0,0.0,0.0,0.0,0.0,1.0,0.0,0.0
table_top,165,wood_material,0.0,solid_surface,0.7393939393939394,0.0,0.0,0.0,0.0,0.0,0.0,0.7393939393939394,0.0,0.03636363636363636
wood_floor,27526,wood_material,0.0,solid_surface,0.9982198648550461,0.0,0.0,0.0,0.0,0.0,0.0,0.9982198648550461,3.6329288672527794e-05,0.00025430502070769454
wood_wall,53565,wood_material,0.0,solid_surface,0.9029216839354056,0.0,0.0,0.0,0.0,0.0,0.0,0.9029216839354056,0.09468869597685056,0.001754877251936899
