{
  "scene": "mini_saloon",
  "preset": "indoor_structure",
  "description": "Eye-level interior sensing. Emphasizes light_anti + sound_anti for dense furniture/room structure.",
  "width": 480,
  "height": 320,
  "lens": "pinhole",
  "camera_position": [
    0.0,
    1.5499999999999998,
    -9.1
  ],
  "camera_target": [
    0.0,
    1.55,
    0.0
  ],
  "sampling_mode": "halton",
  "rays_per_pixel": 8,
  "stacked_bursts": 4,
  "n_samples_per_burst": 1228800,
  "wave": true,
  "L_ref": 5.598011147860533,
  "carrier_mode": "ensemble",
  "edge_anti_min": 0.38,
  "adaptive_edge_percentile": 94,
  "classification_style": "indoor_sparse",
  "classifier_kwargs": {
    "edge_anti_min": 0.38,
    "adaptive_edge_percentile": 94.0,
    "material_labels": false,
    "attenuation_per_meter": 0.0
  },
  "auto_frame": {
    "enabled": true,
    "selected": {
      "score": 1.4422219863528485,
      "coverage": 0.5737321022347116,
      "depth_span_p05_p95": 8.148387376683045,
      "unique_pieces": 39,
      "index": 91,
      "position": [
        0.0,
        1.5499999999999998,
        -9.1
      ],
      "target": [
        0.0,
        1.55,
        0.0
      ],
      "fov_deg": 70.0
    },
    "passed": true,
    "min_coverage": 0.35,
    "min_depth_span": 3.0,
    "pilot_rays": 30000,
    "n_candidates": 145,
    "top_trials": [
      {
        "score": 1.4422219863528485,
        "coverage": 0.5737321022347116,
        "depth_span_p05_p95": 8.148387376683045,
        "unique_pieces": 39,
        "index": 91,
        "position": [
          0.0,
          1.5499999999999998,
          -9.1
        ],
        "target": [
          0.0,
          1.55,
          0.0
        ],
        "fov_deg": 70.0
      },
      {
        "score": 1.4415890411532413,
        "coverage": 0.5645992238726081,
        "depth_span_p05_p95": 8.131278482513874,
        "unique_pieces": 38,
        "index": 19,
        "position": [
          0.0,
          1.5499999999999998,
          -9.1
        ],
        "target": [
          0.0,
          1.055,
          0.0
        ],
        "fov_deg": 70.0
      },
      {
        "score": 1.3986477537263828,
        "coverage": 0.7412351130737321,
        "depth_span_p05_p95": 6.7579617306142445,
        "unique_pieces": 6,
        "index": 55,
        "position": [
          6.434671708797581,
          1.5499999999999998,
          -6.434671708797581
        ],
        "target": [
          0.0,
          1.055,
          0.0
        ],
        "fov_deg": 70.0
      },
      {
        "score": 1.3986477537263828,
        "coverage": 0.5865448949551719,
        "depth_span_p05_p95": 7.03967367611544,
        "unique_pieces": 6,
        "index": 56,
        "position": [
          6.434671708797581,
          1.5499999999999998,
          -6.434671708797581
        ],
        "target": [
          0.0,
          1.055,
          0.0
        ],
        "fov_deg": 82.0
      },
      {
        "score": 1.3986477537263828,
        "coverage": 0.5492439448681922,
        "depth_span_p05_p95": 7.1099090527580415,
        "unique_pieces": 6,
        "index": 57,
        "position": [
          6.434671708797581,
          1.5499999999999998,
          -6.434671708797581
        ],
        "target": [
          0.0,
          1.055,
          0.0
        ],
        "fov_deg": 85.0
      },
      {
        "score": 1.3986477537263828,
        "coverage": 0.7422387260805566,
        "depth_span_p05_p95": 6.772623027405967,
        "unique_pieces": 6,
        "index": 64,
        "position": [
          -6.434671708797581,
          1.5499999999999998,
          -6.434671708797581
        ],
        "target": [
          0.0,
          1.055,
          0.0
        ],
        "fov_deg": 70.0
      },
      {
        "score": 1.3986477537263828,
        "coverage": 0.5868459788572193,
        "depth_span_p05_p95": 7.041624264786077,
        "unique_pieces": 6,
        "index": 65,
        "position": [
          -6.434671708797581,
          1.5499999999999998,
          -6.434671708797581
        ],
        "target": [
          0.0,
          1.055,
          0.0
        ],
        "fov_deg": 82.0
      },
      {
        "score": 1.3986477537263828,
        "coverage": 0.5491770373344038,
        "depth_span_p05_p95": 7.106831007251282,
        "unique_pieces": 6,
        "index": 66,
        "position": [
          -6.434671708797581,
          1.5499999999999998,
          -6.434671708797581
        ],
        "target": [
          0.0,
          1.055,
          0.0
        ],
        "fov_deg": 85.0
      }
    ]
  },
  "depth_stats": {
    "coverage": 0.5737526311289528,
    "hit_rays": 704617,
    "total_rays": 1228085,
    "depth_p05": 3.8875525100528066,
    "depth_p50": 5.598011147860533,
    "depth_p95": 12.037426465174626,
    "depth_span_p05_p95": 8.14987395512182
  },
  "classification_counts": {
    "partial_occluder": 0,
    "geom_edge": 5317,
    "foliage": 0,
    "metal_or_glass": 0,
    "stone_hard": 0,
    "soft_material": 0,
    "wood_material": 0,
    "hard_smooth": 0,
    "solid_surface": 82428,
    "optical_only": 389,
    "acoustic_only": 0,
    "uncertain": 477,
    "sky": 64989
  },
  "runtime_seconds": 86.338
}