{
  "scene": "mini_saloon",
  "preset": "indoor_structure",
  "description": "Eye-level interior sensing. Emphasizes light_anti + sound_anti for dense furniture/room structure.",
  "width": 320,
  "height": 220,
  "lens": "pinhole",
  "camera_position": [
    0.0,
    1.5499999999999998,
    -9.1
  ],
  "camera_target": [
    0.0,
    1.55,
    0.0
  ],
  "sampling_mode": "halton",
  "rays_per_pixel": 4,
  "stacked_bursts": 2,
  "n_samples_per_burst": 281600,
  "wave": true,
  "L_ref": 5.671945841873771,
  "carrier_mode": "ensemble",
  "edge_anti_min": 0.38,
  "adaptive_edge_percentile": 94,
  "classification_style": "indoor_sparse",
  "classifier_kwargs": {
    "edge_anti_min": 0.38,
    "adaptive_edge_percentile": 94.0,
    "material_labels": false,
    "attenuation_per_meter": 0.0
  },
  "auto_frame": {
    "enabled": true,
    "selected": {
      "score": 1.4428393016676078,
      "coverage": 0.5687099358974359,
      "depth_span_p05_p95": 8.18267508815728,
      "unique_pieces": 40,
      "index": 91,
      "position": [
        0.0,
        1.5499999999999998,
        -9.1
      ],
      "target": [
        0.0,
        1.55,
        0.0
      ],
      "fov_deg": 70.0
    },
    "passed": true,
    "min_coverage": 0.35,
    "min_depth_span": 3.0,
    "pilot_rays": 30000,
    "n_candidates": 145,
    "top_trials": [
      {
        "score": 1.4428393016676078,
        "coverage": 0.5687099358974359,
        "depth_span_p05_p95": 8.18267508815728,
        "unique_pieces": 40,
        "index": 91,
        "position": [
          0.0,
          1.5499999999999998,
          -9.1
        ],
        "target": [
          0.0,
          1.55,
          0.0
        ],
        "fov_deg": 70.0
      },
      {
        "score": 1.4415890411532413,
        "coverage": 0.5597622863247863,
        "depth_span_p05_p95": 8.16561001454932,
        "unique_pieces": 38,
        "index": 19,
        "position": [
          0.0,
          1.5499999999999998,
          -9.1
        ],
        "target": [
          0.0,
          1.055,
          0.0
        ],
        "fov_deg": 70.0
      },
      {
        "score": 1.3986477537263828,
        "coverage": 0.7540731837606838,
        "depth_span_p05_p95": 6.7757965951698065,
        "unique_pieces": 6,
        "index": 55,
        "position": [
          6.434671708797581,
          1.5499999999999998,
          -6.434671708797581
        ],
        "target": [
          0.0,
          1.055,
          0.0
        ],
        "fov_deg": 70.0
      },
      {
        "score": 1.3986477537263828,
        "coverage": 0.6015625,
        "depth_span_p05_p95": 7.043107886605819,
        "unique_pieces": 6,
        "index": 56,
        "position": [
          6.434671708797581,
          1.5499999999999998,
          -6.434671708797581
        ],
        "target": [
          0.0,
          1.055,
          0.0
        ],
        "fov_deg": 82.0
      },
      {
        "score": 1.3986477537263828,
        "coverage": 0.5643362713675214,
        "depth_span_p05_p95": 7.109755611834711,
        "unique_pieces": 6,
        "index": 57,
        "position": [
          6.434671708797581,
          1.5499999999999998,
          -6.434671708797581
        ],
        "target": [
          0.0,
          1.055,
          0.0
        ],
        "fov_deg": 85.0
      },
      {
        "score": 1.3986477537263828,
        "coverage": 0.7533052884615384,
        "depth_span_p05_p95": 6.771837569920818,
        "unique_pieces": 6,
        "index": 64,
        "position": [
          -6.434671708797581,
          1.5499999999999998,
          -6.434671708797581
        ],
        "target": [
          0.0,
          1.055,
          0.0
        ],
        "fov_deg": 70.0
      },
      {
        "score": 1.3986477537263828,
        "coverage": 0.6016960470085471,
        "depth_span_p05_p95": 7.040992856005893,
        "unique_pieces": 6,
        "index": 65,
        "position": [
          -6.434671708797581,
          1.5499999999999998,
          -6.434671708797581
        ],
        "target": [
          0.0,
          1.055,
          0.0
        ],
        "fov_deg": 82.0
      },
      {
        "score": 1.3986477537263828,
        "coverage": 0.5642027243589743,
        "depth_span_p05_p95": 7.108581403379526,
        "unique_pieces": 6,
        "index": 66,
        "position": [
          -6.434671708797581,
          1.5499999999999998,
          -6.434671708797581
        ],
        "target": [
          0.0,
          1.055,
          0.0
        ],
        "fov_deg": 85.0
      }
    ]
  },
  "depth_stats": {
    "coverage": 0.5687073863636364,
    "hit_rays": 160148,
    "total_rays": 281600,
    "depth_p05": 3.871572092460809,
    "depth_p50": 5.671945841873771,
    "depth_p95": 12.048265761362295,
    "depth_span_p05_p95": 8.176693668901486
  },
  "classification_counts": {
    "partial_occluder": 0,
    "geom_edge": 2419,
    "foliage": 0,
    "metal_or_glass": 0,
    "stone_hard": 0,
    "soft_material": 0,
    "wood_material": 0,
    "hard_smooth": 0,
    "solid_surface": 37256,
    "optical_only": 394,
    "acoustic_only": 0,
    "uncertain": 233,
    "sky": 30098
  },
  "runtime_seconds": 12.083
}