{
  "scene": "material_targets",
  "preset": "material_scan",
  "description": "Material board / object inspection. Emphasizes acoustic, ultrasonic, softness, and polarization cues.",
  "width": 480,
  "height": 320,
  "lens": "pinhole",
  "camera_position": [
    13.65,
    1.2999999999999998,
    0.0
  ],
  "camera_target": [
    0.0,
    0.95,
    0.0
  ],
  "sampling_mode": "halton",
  "rays_per_pixel": 8,
  "stacked_bursts": 4,
  "n_samples_per_burst": 1228800,
  "wave": true,
  "L_ref": 5.1010437141964555,
  "carrier_mode": "ensemble",
  "edge_anti_min": 0.3,
  "adaptive_edge_percentile": 94,
  "classification_style": "material_focus",
  "classifier_kwargs": {
    "edge_anti_min": 0.3,
    "adaptive_edge_percentile": 94.0,
    "material_labels": true,
    "attenuation_per_meter": 0.0
  },
  "auto_frame": {
    "enabled": true,
    "selected": {
      "score": 1.218856706987777,
      "coverage": 0.41372273517998126,
      "depth_span_p05_p95": 9.173311906770348,
      "unique_pieces": 13,
      "index": 82,
      "position": [
        13.65,
        1.2999999999999998,
        0.0
      ],
      "target": [
        0.0,
        0.95,
        0.0
      ],
      "fov_deg": 50.0
    },
    "passed": true,
    "min_coverage": 0.35,
    "min_depth_span": 3.0,
    "pilot_rays": 30000,
    "n_candidates": 145,
    "top_trials": [
      {
        "score": 1.218856706987777,
        "coverage": 0.41372273517998126,
        "depth_span_p05_p95": 9.173311906770348,
        "unique_pieces": 13,
        "index": 82,
        "position": [
          13.65,
          1.2999999999999998,
          0.0
        ],
        "target": [
          0.0,
          0.95,
          0.0
        ],
        "fov_deg": 50.0
      },
      {
        "score": 1.2173751830253217,
        "coverage": 0.4128863910076275,
        "depth_span_p05_p95": 9.257556523482439,
        "unique_pieces": 13,
        "index": 100,
        "position": [
          -13.65,
          1.2999999999999998,
          0.0
        ],
        "target": [
          0.0,
          0.95,
          0.0
        ],
        "fov_deg": 50.0
      },
      {
        "score": 1.2104416508810307,
        "coverage": 0.40897230028101167,
        "depth_span_p05_p95": 9.209444907340337,
        "unique_pieces": 13,
        "index": 28,
        "position": [
          -13.65,
          1.2999999999999998,
          0.0
        ],
        "target": [
          0.0,
          0.6499999999999999,
          0.0
        ],
        "fov_deg": 50.0
      },
      {
        "score": 1.2099675632130449,
        "coverage": 0.40870467014585843,
        "depth_span_p05_p95": 9.127438895278212,
        "unique_pieces": 13,
        "index": 10,
        "position": [
          13.65,
          1.2999999999999998,
          0.0
        ],
        "target": [
          0.0,
          0.6499999999999999,
          0.0
        ],
        "fov_deg": 50.0
      },
      {
        "score": 1.0105576880577756,
        "coverage": 0.3008831794460056,
        "depth_span_p05_p95": 12.660138733988314,
        "unique_pieces": 9,
        "index": 64,
        "position": [
          -9.652007563196372,
          1.2999999999999998,
          -9.652007563196372
        ],
        "target": [
          0.0,
          0.6499999999999999,
          0.0
        ],
        "fov_deg": 50.0
      },
      {
        "score": 1.0103206442237826,
        "coverage": 0.30074936437842903,
        "depth_span_p05_p95": 12.554133529581344,
        "unique_pieces": 9,
        "index": 136,
        "position": [
          -9.652007563196372,
          1.2999999999999998,
          -9.652007563196372
        ],
        "target": [
          0.0,
          0.95,
          0.0
        ],
        "fov_deg": 50.0
      },
      {
        "score": 1.0099088213138048,
        "coverage": 0.2947945938712699,
        "depth_span_p05_p95": 8.692841304947017,
        "unique_pieces": 14,
        "index": 101,
        "position": [
          -13.65,
          1.2999999999999998,
          0.0
        ],
        "target": [
          0.0,
          0.95,
          0.0
        ],
        "fov_deg": 62.0
      },
      {
        "score": 1.008286911853229,
        "coverage": 0.2958985681787769,
        "depth_span_p05_p95": 8.747036894829543,
        "unique_pieces": 12,
        "index": 83,
        "position": [
          13.65,
          1.2999999999999998,
          0.0
        ],
        "target": [
          0.0,
          0.95,
          0.0
        ],
        "fov_deg": 62.0
      }
    ]
  },
  "depth_stats": {
    "coverage": 0.41323198312820364,
    "hit_rays": 507484,
    "total_rays": 1228085,
    "depth_p05": 3.4358568685738047,
    "depth_p50": 5.1010437141964555,
    "depth_p95": 12.502061947299007,
    "depth_span_p05_p95": 9.066205078725202
  },
  "classification_counts": {
    "partial_occluder": 792,
    "geom_edge": 3810,
    "foliage": 8,
    "metal_or_glass": 509,
    "stone_hard": 200,
    "soft_material": 99,
    "wood_material": 190,
    "hard_smooth": 8199,
    "solid_surface": 46316,
    "optical_only": 1819,
    "acoustic_only": 11,
    "uncertain": 2800,
    "sky": 88847
  },
  "runtime_seconds": 50.506
}