piece_type,pixel_count,expected_label,expected_label_frac,top_label,top_label_frac,metal_or_glass_frac,wood_material_frac,stone_hard_frac,soft_material_frac,foliage_frac,hard_smooth_frac,solid_surface_frac,geom_edge_frac,uncertain_frac
back_wall,18429,,,solid_surface,0.9800314721363069,0.0,0.0,0.0,0.0,0.0,0.0,0.9800314721363069,0.0048836073579684195,0.003092951326713332
canopy,1919,foliage,0.02553413236060448,partial_occluder,0.7998957790515894,0.0,0.0,0.0,0.0,0.02553413236060448,0.0,0.014069828035435123,0.10422094841063054,0.034392912975508075
fence,375,,,uncertain,0.6,0.0,0.0,0.0,0.0,0.0,0.0,0.19733333333333333,0.013333333333333334,0.6
ground,61817,,,solid_surface,0.8548619311839785,0.0,0.0,0.0,0.0,0.0,0.0,0.8548619311839785,0.08544575116877234,0.038646327062135014
stone,1031,stone_hard,0.0,geom_edge,0.8021338506304558,0.0,0.0,0.0,0.0,0.0,0.0,0.0863239573229874,0.8021338506304558,0.061105722599418044
trunk,371,,,geom_edge,0.6522911051212938,0.0,0.0,0.0,0.0,0.0,0.0,0.1940700808625337,0.6522911051212938,0.0431266846361186
