piece_type,pixel_count,valid_pixel_count,ignored_pixel_count,expected_label,expected_label_frac,top_label,top_label_frac,report_suffix,metal_or_glass_frac,wood_material_frac,stone_hard_frac,soft_material_frac,foliage_frac,hard_smooth_frac,solid_surface_frac,geom_edge_frac,uncertain_frac,sky_frac,fill_edge_pixels,fill_filled_pixels,fill_kept_edge_pixels,fill_fill_rate,fill_filled_as_foliage,fill_filled_as_optical_only,fill_filled_as_partial_occluder,fill_filled_as_solid_surface
back_wall,18429,18429,0,,,solid_surface,0.9848608171902979,filled_geom_edge,0.0,0.0,0.0,0.0,0.0,0.0,0.9848608171902979,5.426230397742688e-05,0.003092951326713332,0.0,6651,4965,1686,0.7465042850699143,57,114,64,4730
canopy,1919,1919,0,foliage,0.05471599791558103,partial_occluder,0.8285565398645127,filled_geom_edge,0.0,0.0,0.0,0.0,0.05471599791558103,0.0,0.01771756122980719,0.03908285565398645,0.034392912975508075,0.0,6651,4965,1686,0.7465042850699143,57,114,64,4730
fence,375,375,0,,,uncertain,0.6,filled_geom_edge,0.0,0.0,0.0,0.0,0.0,0.0,0.20266666666666666,0.005333333333333333,0.6,0.0,6651,4965,1686,0.7465042850699143,57,114,64,4730
ground,61817,61817,0,,,solid_surface,0.9269618389763333,filled_geom_edge,0.0,0.0,0.0,0.0,0.0,0.0,0.9269618389763333,0.012537004383907339,0.038646327062135014,0.0,6651,4965,1686,0.7465042850699143,57,114,64,4730
stone,1031,1031,0,stone_hard,0.0,geom_edge,0.6954413191076625,filled_geom_edge,0.0,0.0,0.0,0.0,0.0,0.0,0.17749757516973813,0.6954413191076625,0.061105722599418044,0.0,6651,4965,1686,0.7465042850699143,57,114,64,4730
trunk,371,371,0,,,solid_surface,0.40970350404312667,filled_geom_edge,0.0,0.0,0.0,0.0,0.0,0.0,0.40970350404312667,0.3045822102425876,0.0431266846361186,0.0,6651,4965,1686,0.7465042850699143,57,114,64,4730
