{
  "scene": "occluder_gate",
  "preset": "outdoor_occlusion",
  "description": "Exterior/foliage/fence/smoke style sensing. Highlights partial occluders and mixed-depth pixels.",
  "width": 480,
  "height": 320,
  "lens": "pinhole",
  "camera_position": [
    11.700000000000001,
    1.5499999999999998,
    0.0
  ],
  "camera_target": [
    0.0,
    0.9,
    0.0
  ],
  "sampling_mode": "halton",
  "rays_per_pixel": 8,
  "stacked_bursts": 4,
  "n_samples_per_burst": 1228800,
  "wave": true,
  "L_ref": 5.306721966095893,
  "carrier_mode": "ensemble",
  "edge_anti_min": 0.34,
  "adaptive_edge_percentile": 92,
  "classification_style": "indoor_sparse",
  "classifier_kwargs": {
    "edge_anti_min": 0.34,
    "adaptive_edge_percentile": 92.0,
    "material_labels": false,
    "attenuation_per_meter": 0.0
  },
  "auto_frame": {
    "enabled": true,
    "selected": {
      "score": 1.4294513457586988,
      "coverage": 0.5418841161514787,
      "depth_span_p05_p95": 8.67340843603075,
      "unique_pieces": 23,
      "index": 19,
      "position": [
        11.700000000000001,
        1.5499999999999998,
        0.0
      ],
      "target": [
        0.0,
        0.9,
        0.0
      ],
      "fov_deg": 55.0
    },
    "passed": true,
    "min_coverage": 0.35,
    "min_depth_span": 3.0,
    "pilot_rays": 30000,
    "n_candidates": 163,
    "top_trials": [
      {
        "score": 1.4294513457586988,
        "coverage": 0.5418841161514787,
        "depth_span_p05_p95": 8.67340843603075,
        "unique_pieces": 23,
        "index": 19,
        "position": [
          11.700000000000001,
          1.5499999999999998,
          0.0
        ],
        "target": [
          0.0,
          0.9,
          0.0
        ],
        "fov_deg": 55.0
      },
      {
        "score": 1.4294513457586988,
        "coverage": 0.5426535527900441,
        "depth_span_p05_p95": 8.651461515703552,
        "unique_pieces": 23,
        "index": 37,
        "position": [
          -11.700000000000001,
          1.5499999999999998,
          0.0
        ],
        "target": [
          0.0,
          0.9,
          0.0
        ],
        "fov_deg": 55.0
      },
      {
        "score": 1.42344821066283,
        "coverage": 0.5216111334136224,
        "depth_span_p05_p95": 8.816811414164127,
        "unique_pieces": 23,
        "index": 118,
        "position": [
          -11.700000000000001,
          1.5499999999999998,
          0.0
        ],
        "target": [
          0.0,
          1.15,
          0.0
        ],
        "fov_deg": 55.0
      },
      {
        "score": 1.4154151839188585,
        "coverage": 0.5203733440385387,
        "depth_span_p05_p95": 8.717734407571582,
        "unique_pieces": 18,
        "index": 100,
        "position": [
          11.700000000000001,
          1.5499999999999998,
          0.0
        ],
        "target": [
          0.0,
          1.15,
          0.0
        ],
        "fov_deg": 55.0
      },
      {
        "score": 1.402588353271459,
        "coverage": 0.5098354074668807,
        "depth_span_p05_p95": 11.141675494102069,
        "unique_pieces": 23,
        "index": 73,
        "position": [
          -8.273149339882606,
          1.5499999999999998,
          -8.273149339882606
        ],
        "target": [
          0.0,
          0.9,
          0.0
        ],
        "fov_deg": 55.0
      },
      {
        "score": 1.4008724923675087,
        "coverage": 0.5094674160310451,
        "depth_span_p05_p95": 11.148145860393996,
        "unique_pieces": 22,
        "index": 64,
        "position": [
          8.273149339882606,
          1.5499999999999998,
          -8.273149339882606
        ],
        "target": [
          0.0,
          0.9,
          0.0
        ],
        "fov_deg": 55.0
      },
      {
        "score": 1.378587665079683,
        "coverage": 0.4962866318747491,
        "depth_span_p05_p95": 11.075364451956482,
        "unique_pieces": 23,
        "index": 145,
        "position": [
          8.273149339882606,
          1.5499999999999998,
          -8.273149339882606
        ],
        "target": [
          0.0,
          1.15,
          0.0
        ],
        "fov_deg": 55.0
      },
      {
        "score": 1.377465307216703,
        "coverage": 0.5868794326241135,
        "depth_span_p05_p95": 8.810797566366935,
        "unique_pieces": 2,
        "index": 1,
        "position": [
          8.872305623660967,
          1.5499999999999998,
          7.627069746655919
        ],
        "target": [
          0.0,
          0.9,
          0.0
        ],
        "fov_deg": 55.0
      }
    ]
  },
  "depth_stats": {
    "coverage": 0.5420235570013476,
    "hit_rays": 665651,
    "total_rays": 1228085,
    "depth_p05": 3.3474766133023035,
    "depth_p50": 5.306721966095893,
    "depth_p95": 12.053718454607594,
    "depth_span_p05_p95": 8.70624184130529
  },
  "classification_counts": {
    "partial_occluder": 1771,
    "geom_edge": 6651,
    "foliage": 49,
    "metal_or_glass": 0,
    "stone_hard": 0,
    "soft_material": 0,
    "wood_material": 0,
    "hard_smooth": 0,
    "solid_surface": 71171,
    "optical_only": 1494,
    "acoustic_only": 30,
    "uncertain": 2868,
    "sky": 69566
  },
  "runtime_seconds": 50.869
}