piece_type,pixel_count,expected_label,expected_label_frac,top_label,top_label_frac,metal_or_glass_frac,wood_material_frac,stone_hard_frac,soft_material_frac,foliage_frac,hard_smooth_frac,solid_surface_frac,geom_edge_frac,uncertain_frac
bar_counter,3667,wood_material,0.0,hard_smooth,0.9800927188437415,0.0,0.0,0.0,0.0,0.0,0.9800927188437415,0.0008181074447777475,0.018543768748295608,0.000545404963185165
bottle,606,,,solid_surface,0.641914191419142,0.0,0.0,0.0,0.0,0.0,0.0,0.641914191419142,0.23597359735973597,0.08745874587458746
chair,10951,wood_material,0.0,hard_smooth,0.9986302620765227,0.0,0.0,0.0,0.0,0.0,0.9986302620765227,0.0002739475846954616,9.131586156515387e-05,0.000730526892521231
chair_back,12285,,,hard_smooth,0.9838013838013838,0.0,0.0,0.0,0.0,0.0,0.9838013838013838,0.0013024013024013025,0.014407814407814409,0.0003256003256003256
shelf,1608,wood_material,0.0,hard_smooth,0.6840796019900498,0.0,0.0,0.0,0.0,0.0,0.6840796019900498,0.0,0.31592039800995025,0.0
stool,31,,,solid_surface,0.8387096774193549,0.0,0.0,0.0,0.0,0.0,0.0,0.8387096774193549,0.16129032258064516,0.0
table_top,686,wood_material,0.0,solid_surface,0.9708454810495627,0.0,0.0,0.0,0.0,0.0,0.0,0.9708454810495627,0.0,0.011661807580174927
wood_floor,87112,wood_material,0.0,hard_smooth,0.993915878409404,0.0,0.0,0.0,0.0,0.0,0.993915878409404,0.0029731839471025807,0.0027321149784185874,0.0
wood_wall,94564,wood_material,0.0,hard_smooth,0.8768453111120511,0.0,0.0,0.0,0.0,0.0,0.8768453111120511,0.00026437121949156127,0.12226640159045726,0.0002960957658305486
