piece_type,pixel_count,valid_pixel_count,ignored_pixel_count,expected_label,expected_label_frac,top_label,top_label_frac,report_suffix,metal_or_glass_frac,wood_material_frac,stone_hard_frac,soft_material_frac,foliage_frac,hard_smooth_frac,solid_surface_frac,geom_edge_frac,uncertain_frac,sky_frac,fill_edge_pixels,fill_filled_pixels,fill_kept_edge_pixels,fill_fill_rate,fill_filled_as_hard_smooth,fill_filled_as_optical_only,fill_filled_as_solid_surface
bar_counter,3667,3667,0,wood_material,0.0,hard_smooth,0.998636487592037,filled_geom_edge,0.0,0.0,0.0,0.0,0.0,0.998636487592037,0.0008181074447777475,0.0,0.000545404963185165,0.0,12702,9736,2966,0.7664934655959691,9605,16,115
bottle,606,606,0,,,solid_surface,0.83003300330033,filled_geom_edge,0.0,0.0,0.0,0.0,0.0,0.024752475247524754,0.83003300330033,0.019801980198019802,0.08745874587458746,0.0,12702,9736,2966,0.7664934655959691,9605,16,115
chair,10951,10951,0,wood_material,0.0,hard_smooth,0.9987215779380878,filled_geom_edge,0.0,0.0,0.0,0.0,0.0,0.9987215779380878,0.0002739475846954616,0.0,0.000730526892521231,0.0,12702,9736,2966,0.7664934655959691,9605,16,115
chair_back,12285,12285,0,,,hard_smooth,0.9934879934879934,filled_geom_edge,0.0,0.0,0.0,0.0,0.0,0.9934879934879934,0.0013024013024013025,0.0047212047212047215,0.0003256003256003256,0.0,12702,9736,2966,0.7664934655959691,9605,16,115
shelf,1608,1608,0,wood_material,0.0,hard_smooth,0.9975124378109452,filled_geom_edge,0.0,0.0,0.0,0.0,0.0,0.9975124378109452,0.0,0.0024875621890547263,0.0,0.0,12702,9736,2966,0.7664934655959691,9605,16,115
stool,31,31,0,,,solid_surface,0.8709677419354839,filled_geom_edge,0.0,0.0,0.0,0.0,0.0,0.06451612903225806,0.8709677419354839,0.06451612903225806,0.0,0.0,12702,9736,2966,0.7664934655959691,9605,16,115
table_top,686,686,0,wood_material,0.0,solid_surface,0.9708454810495627,filled_geom_edge,0.0,0.0,0.0,0.0,0.0,0.0,0.9708454810495627,0.0,0.011661807580174927,0.0,12702,9736,2966,0.7664934655959691,9605,16,115
wood_floor,87112,87112,0,wood_material,0.0,hard_smooth,0.9956377996142897,filled_geom_edge,0.0,0.0,0.0,0.0,0.0,0.9956377996142897,0.0029731839471025807,0.0010101937735329232,0.0,0.0,12702,9736,2966,0.7664934655959691,9605,16,115
wood_wall,94564,94564,0,wood_material,0.0,hard_smooth,0.9693329385389788,filled_geom_edge,0.0,0.0,0.0,0.0,0.0,0.9693329385389788,0.00026437121949156127,0.029630726280614188,0.0002960957658305486,0.0,12702,9736,2966,0.7664934655959691,9605,16,115
