{
  "scene": "demo_indoor_normal",
  "preset": "indoor_structure",
  "description": "Eye-level interior sensing. Emphasizes light_anti + sound_anti for dense furniture/room structure.",
  "width": 360,
  "height": 240,
  "lens": "pinhole",
  "camera_position": [
    11.030865786510141,
    1.5399999999999998,
    -11.030865786510141
  ],
  "camera_target": [
    0.0,
    1.3707800000000003,
    0.0
  ],
  "sampling_mode": "halton",
  "rays_per_pixel": 4,
  "stacked_bursts": 2,
  "n_samples_per_burst": 345600,
  "wave": true,
  "L_ref": 5.097252584038359,
  "edge_threshold_used": 0.7904033539539421,
  "edge_score_p90": 0.7174822613287509,
  "edge_score_p95": 0.8160775494699414,
  "edge_score_p99": 0.9548837686781736,
  "edge_confidence_max": 1.0,
  "carrier_mode": "ensemble",
  "edge_anti_min": 0.38,
  "edge_anti_max": 0.95,
  "adaptive_edge_percentile": 94.0,
  "classification_style": "indoor_sparse",
  "classifier_kwargs": {
    "edge_anti_min": 0.38,
    "edge_anti_max": 0.95,
    "adaptive_edge_percentile": 94.0,
    "material_labels": false,
    "attenuation_per_meter": 0.0
  },
  "warnings": [],
  "auto_frame": {
    "enabled": true,
    "selected": {
      "score": 1.3850271305850694,
      "coverage": 0.4910503208375549,
      "depth_span_p05_p95": 13.402967633281317,
      "unique_pieces": 44,
      "index": 54,
      "position": [
        11.030865786510141,
        1.5399999999999998,
        -11.030865786510141
      ],
      "target": [
        0.0,
        1.3707800000000003,
        0.0
      ],
      "fov_deg": 70.0
    },
    "passed": true,
    "min_coverage": 0.35,
    "min_depth_span": 3.0,
    "pilot_rays": 6000,
    "n_candidates": 144,
    "top_trials": [
      {
        "score": 1.3850271305850694,
        "coverage": 0.4910503208375549,
        "depth_span_p05_p95": 13.402967633281317,
        "unique_pieces": 44,
        "index": 54,
        "position": [
          11.030865786510141,
          1.5399999999999998,
          -11.030865786510141
        ],
        "target": [
          0.0,
          1.3707800000000003,
          0.0
        ],
        "fov_deg": 70.0
      },
      {
        "score": 1.3745576945837186,
        "coverage": 0.4851401553529213,
        "depth_span_p05_p95": 13.486664837301088,
        "unique_pieces": 44,
        "index": 63,
        "position": [
          -11.030865786510141,
          1.5399999999999998,
          -11.030865786510141
        ],
        "target": [
          0.0,
          1.3707800000000003,
          0.0
        ],
        "fov_deg": 70.0
      },
      {
        "score": 1.3743633871729866,
        "coverage": 0.48817966903073284,
        "depth_span_p05_p95": 13.553689212678767,
        "unique_pieces": 35,
        "index": 36,
        "position": [
          11.030865786510141,
          1.5399999999999998,
          11.030865786510141
        ],
        "target": [
          0.0,
          1.3707800000000003,
          0.0
        ],
        "fov_deg": 70.0
      },
      {
        "score": 1.3739582419917151,
        "coverage": 0.48834853090172237,
        "depth_span_p05_p95": 13.322011511366677,
        "unique_pieces": 34,
        "index": 45,
        "position": [
          -11.030865786510141,
          1.5399999999999998,
          11.030865786510141
        ],
        "target": [
          0.0,
          1.3707800000000003,
          0.0
        ],
        "fov_deg": 70.0
      },
      {
        "score": 1.3542535081562983,
        "coverage": 0.4739952718676123,
        "depth_span_p05_p95": 12.704934391106685,
        "unique_pieces": 43,
        "index": 55,
        "position": [
          11.030865786510141,
          1.5399999999999998,
          -11.030865786510141
        ],
        "target": [
          0.0,
          1.3707800000000003,
          0.0
        ],
        "fov_deg": 82.0
      },
      {
        "score": 1.343161386403398,
        "coverage": 0.46943600135089497,
        "depth_span_p05_p95": 12.783766279015143,
        "unique_pieces": 38,
        "index": 64,
        "position": [
          -11.030865786510141,
          1.5399999999999998,
          -11.030865786510141
        ],
        "target": [
          0.0,
          1.3707800000000003,
          0.0
        ],
        "fov_deg": 82.0
      },
      {
        "score": 1.340927865337144,
        "coverage": 0.47011144883485306,
        "depth_span_p05_p95": 12.703400625983624,
        "unique_pieces": 33,
        "index": 46,
        "position": [
          -11.030865786510141,
          1.5399999999999998,
          11.030865786510141
        ],
        "target": [
          0.0,
          1.3707800000000003,
          0.0
        ],
        "fov_deg": 82.0
      },
      {
        "score": 1.3391331048797694,
        "coverage": 0.4690982776089159,
        "depth_span_p05_p95": 12.550997696155957,
        "unique_pieces": 33,
        "index": 37,
        "position": [
          11.030865786510141,
          1.5399999999999998,
          11.030865786510141
        ],
        "target": [
          0.0,
          1.3707800000000003,
          0.0
        ],
        "fov_deg": 82.0
      }
    ]
  },
  "depth_stats": {
    "coverage": 0.4912123842592593,
    "hit_rays": 169763,
    "total_rays": 345600,
    "depth_p05": 2.923649655439081,
    "depth_p50": 5.096853978161509,
    "depth_p95": 16.274596887902995,
    "depth_span_p05_p95": 13.350947232463913
  },
  "classification_counts": {
    "partial_occluder": 138,
    "geom_edge": 2604,
    "foliage": 611,
    "metal_or_glass": 0,
    "stone_hard": 0,
    "soft_material": 0,
    "wood_material": 0,
    "hard_smooth": 0,
    "solid_surface": 32827,
    "optical_only": 2640,
    "acoustic_only": 5,
    "uncertain": 4617,
    "sky": 42958
  },
  "autoframe_runtime_seconds": 10.715,
  "render_runtime_seconds": 17.634,
  "report_runtime_seconds": 2.251,
  "pre_save_runtime_seconds": 30.609,
  "save_runtime_seconds": 1.344,
  "total_runtime_seconds": 31.953,
  "runtime_seconds": 31.953
}