piece_type,pixel_count,expected_label,expected_label_frac,top_label,top_label_frac,metal_or_glass_frac,wood_material_frac,stone_hard_frac,soft_material_frac,foliage_frac,hard_smooth_frac,solid_surface_frac,geom_edge_frac,uncertain_frac
backdrop,9394,,,hard_smooth,0.8719395358739621,0.05418352139663615,0.0048967426016606344,0.003619331488183947,0.0,0.0,0.8719395358739621,0.0038322333404300617,0.05343836491377475,0.006812859271875665
carpet,367,soft_material,0.07356948228882834,partial_occluder,0.5912806539509536,0.0,0.0,0.0,0.07356948228882834,0.013623978201634877,0.0,0.0,0.3188010899182561,0.0027247956403269754
cloth,274,soft_material,0.25547445255474455,geom_edge,0.7116788321167883,0.0,0.025547445255474453,0.0,0.25547445255474455,0.0,0.0,0.0,0.7116788321167883,0.0036496350364963502
foliage,895,foliage,0.0033519553072625698,geom_edge,0.5687150837988827,0.0,0.0033519553072625698,0.0,0.0011173184357541898,0.0033519553072625698,0.0,0.01452513966480447,0.5687150837988827,0.10167597765363129
ground,52362,,,solid_surface,0.8820709674955121,0.0,0.002272640464458959,3.819563805813376e-05,1.909781902906688e-05,0.0,0.0,0.8820709674955121,0.034624345899698254,0.04837477560062641
metal,73,metal_or_glass,0.0,geom_edge,0.4794520547945205,0.0,0.0273972602739726,0.0,0.0,0.0,0.1095890410958904,0.1506849315068493,0.4794520547945205,0.0
plastic,180,,,partial_occluder,0.6722222222222223,0.0,0.0,0.0,0.0,0.0,0.0,0.044444444444444446,0.2222222222222222,0.05
stone,673,stone_hard,0.2436849925705795,geom_edge,0.6508172362555721,0.0,0.01337295690936107,0.2436849925705795,0.0,0.0,0.0,0.03268945022288262,0.6508172362555721,0.017830609212481426
wood,293,wood_material,0.013651877133105802,geom_edge,0.5494880546075085,0.0,0.013651877133105802,0.0,0.0,0.0,0.0,0.12286689419795221,0.5494880546075085,0.030716723549488054
