piece_type,pixel_count,valid_pixel_count,ignored_pixel_count,expected_label,expected_label_frac,top_label,top_label_frac,report_suffix,metal_or_glass_frac,wood_material_frac,stone_hard_frac,soft_material_frac,foliage_frac,hard_smooth_frac,solid_surface_frac,geom_edge_frac,uncertain_frac,sky_frac
backdrop,9394,8892,502,,,hard_smooth,0.9211650922177238,core_ignore_geom_edge,0.05724246513720198,0.0051731893837157,0.0038236617183985606,0.0,0.0,0.9211650922177238,0.004048582995951417,0.0,0.007197480881691408,0.0
carpet,367,250,117,soft_material,0.108,partial_occluder,0.868,core_ignore_geom_edge,0.0,0.0,0.0,0.108,0.02,0.0,0.0,0.0,0.004,0.0
cloth,274,79,195,soft_material,0.8860759493670886,soft_material,0.8860759493670886,core_ignore_geom_edge,0.0,0.08860759493670886,0.0,0.8860759493670886,0.0,0.0,0.0,0.0,0.012658227848101266,0.0
foliage,895,386,509,foliage,0.007772020725388601,partial_occluder,0.6683937823834197,core_ignore_geom_edge,0.0,0.007772020725388601,0.0,0.0025906735751295338,0.007772020725388601,0.0,0.03367875647668394,0.0,0.23575129533678757,0.0
ground,52362,50549,1813,,,solid_surface,0.9137074917406872,core_ignore_geom_edge,0.0,0.0023541514174365468,3.956557004095037e-05,1.9782785020475184e-05,0.0,0.0,0.9137074917406872,0.0,0.050109794456863636,0.0
metal,73,38,35,metal_or_glass,0.0,partial_occluder,0.42105263157894735,core_ignore_geom_edge,0.0,0.05263157894736842,0.0,0.0,0.0,0.21052631578947367,0.2894736842105263,0.0,0.0,0.0
plastic,180,140,40,,,partial_occluder,0.8642857142857143,core_ignore_geom_edge,0.0,0.0,0.0,0.0,0.0,0.0,0.05714285714285714,0.0,0.06428571428571428,0.0
stone,673,235,438,stone_hard,0.6978723404255319,stone_hard,0.6978723404255319,core_ignore_geom_edge,0.0,0.03829787234042553,0.6978723404255319,0.0,0.0,0.0,0.09361702127659574,0.0,0.05106382978723404,0.0
wood,293,132,161,wood_material,0.030303030303030304,partial_occluder,0.5454545454545454,core_ignore_geom_edge,0.0,0.030303030303030304,0.0,0.0,0.0,0.0,0.2727272727272727,0.0,0.06818181818181818,0.0
