piece_type,pixel_count,expected_label,expected_label_frac,top_label,top_label_frac,metal_or_glass_frac,wood_material_frac,stone_hard_frac,soft_material_frac,foliage_frac,hard_smooth_frac,solid_surface_frac,geom_edge_frac,uncertain_frac
backdrop,9388,,,hard_smooth,0.82988922028121,0.051768214742224115,0.004260758414997869,0.003941201533873029,0.0,0.0,0.82988922028121,0.0035151256923732425,0.09863655730720068,0.006604175543246698
carpet,371,soft_material,0.07008086253369272,partial_occluder,0.5983827493261455,0.0,0.0,0.0,0.07008086253369272,0.01078167115902965,0.0,0.0,0.32075471698113206,0.0
cloth,278,soft_material,0.24100719424460432,geom_edge,0.7050359712230215,0.0,0.017985611510791366,0.0,0.24100719424460432,0.0,0.0,0.0,0.7050359712230215,0.017985611510791366
foliage,876,foliage,0.00228310502283105,geom_edge,0.5787671232876712,0.0,0.00228310502283105,0.0,0.001141552511415525,0.00228310502283105,0.0,0.010273972602739725,0.5787671232876712,0.0958904109589041
ground,52349,,,solid_surface,0.8431106611396588,0.0,0.002158589466847504,1.9102561653517736e-05,1.9102561653517736e-05,0.0,0.0,0.8431106611396588,0.0754933236547021,0.04815755792851822
metal,81,metal_or_glass,0.0,geom_edge,0.48148148148148145,0.0,0.037037037037037035,0.0,0.0,0.0,0.12345679012345678,0.14814814814814814,0.48148148148148145,0.0
plastic,184,,,partial_occluder,0.6793478260869565,0.0,0.0,0.0,0.0,0.0,0.0,0.04891304347826087,0.21739130434782608,0.05434782608695652
stone,670,stone_hard,0.21791044776119403,geom_edge,0.6686567164179105,0.0,0.01791044776119403,0.21791044776119403,0.0,0.0,0.0,0.03582089552238806,0.6686567164179105,0.014925373134328358
wood,296,wood_material,0.02364864864864865,geom_edge,0.5608108108108109,0.0,0.02364864864864865,0.0,0.0,0.0,0.0,0.14189189189189189,0.5608108108108109,0.02702702702702703
