piece_type,pixel_count,valid_pixel_count,ignored_pixel_count,expected_label,expected_label_frac,top_label,top_label_frac,report_suffix,metal_or_glass_frac,wood_material_frac,stone_hard_frac,soft_material_frac,foliage_frac,hard_smooth_frac,solid_surface_frac,geom_edge_frac,uncertain_frac,sky_frac
backdrop,9388,8462,926,,,hard_smooth,0.9207043252186244,core_ignore_geom_edge,0.057433230914677384,0.004727014890096904,0.004372488773339636,0.0,0.0,0.9207043252186244,0.0038997872843299455,0.0,0.007326873079650201,0.0
carpet,371,252,119,soft_material,0.10317460317460317,partial_occluder,0.8809523809523809,core_ignore_geom_edge,0.0,0.0,0.0,0.10317460317460317,0.015873015873015872,0.0,0.0,0.0,0.0,0.0
cloth,278,82,196,soft_material,0.8170731707317073,soft_material,0.8170731707317073,core_ignore_geom_edge,0.0,0.06097560975609756,0.0,0.8170731707317073,0.0,0.0,0.0,0.0,0.06097560975609756,0.0
foliage,876,369,507,foliage,0.005420054200542005,partial_occluder,0.6910569105691057,core_ignore_geom_edge,0.0,0.005420054200542005,0.0,0.0027100271002710027,0.005420054200542005,0.0,0.024390243902439025,0.0,0.22764227642276422,0.0
ground,52349,48397,3952,,,solid_surface,0.9119573527284749,core_ignore_geom_edge,0.0,0.0023348554662479077,2.0662437754406264e-05,2.0662437754406264e-05,0.0,0.0,0.9119573527284749,0.0,0.05209000557885819,0.0
metal,81,42,39,metal_or_glass,0.0,partial_occluder,0.38095238095238093,core_ignore_geom_edge,0.0,0.07142857142857142,0.0,0.0,0.0,0.23809523809523808,0.2857142857142857,0.0,0.0,0.0
plastic,184,144,40,,,partial_occluder,0.8680555555555556,core_ignore_geom_edge,0.0,0.0,0.0,0.0,0.0,0.0,0.0625,0.0,0.06944444444444445,0.0
stone,670,222,448,stone_hard,0.6576576576576577,stone_hard,0.6576576576576577,core_ignore_geom_edge,0.0,0.05405405405405406,0.6576576576576577,0.0,0.0,0.0,0.10810810810810811,0.0,0.04504504504504504,0.0
wood,296,130,166,wood_material,0.05384615384615385,partial_occluder,0.4461538461538462,core_ignore_geom_edge,0.0,0.05384615384615385,0.0,0.0,0.0,0.0,0.3230769230769231,0.0,0.06153846153846154,0.0
