piece_type,pixel_count,valid_pixel_count,ignored_pixel_count,expected_label,expected_label_frac,top_label,top_label_frac,report_suffix,metal_or_glass_frac,wood_material_frac,stone_hard_frac,soft_material_frac,foliage_frac,hard_smooth_frac,solid_surface_frac,geom_edge_frac,uncertain_frac,sky_frac,fill_edge_pixels,fill_filled_pixels,fill_kept_edge_pixels,fill_fill_rate,fill_filled_as_optical_only,fill_filled_as_solid_surface
bar_counter,493,493,0,wood_material,0.0,solid_surface,0.795131845841785,filled_geom_edge,0.0,0.0,0.0,0.0,0.0,0.0,0.795131845841785,0.004056795131845842,0.09533468559837728,0.0,2419,2165,254,0.8949979330301777,17,2148
bottle,87,87,0,,,solid_surface,0.7931034482758621,filled_geom_edge,0.0,0.0,0.0,0.0,0.0,0.0,0.7931034482758621,0.04597701149425287,0.10344827586206896,0.0,2419,2165,254,0.8949979330301777,17,2148
chair,1349,1349,0,wood_material,0.0,solid_surface,0.9414381022979985,filled_geom_edge,0.0,0.0,0.0,0.0,0.0,0.0,0.9414381022979985,0.0007412898443291327,0.018532246108228317,0.0,2419,2165,254,0.8949979330301777,17,2148
chair_back,1397,1397,0,,,solid_surface,0.9756621331424481,filled_geom_edge,0.0,0.0,0.0,0.0,0.0,0.0,0.9756621331424481,0.0,0.006442376521116679,0.0,2419,2165,254,0.8949979330301777,17,2148
shelf,229,229,0,wood_material,0.0,solid_surface,0.4497816593886463,filled_geom_edge,0.0,0.0,0.0,0.0,0.0,0.0,0.4497816593886463,0.0611353711790393,0.37117903930131,0.0,2419,2165,254,0.8949979330301777,17,2148
table_top,78,78,0,wood_material,0.0,solid_surface,0.4358974358974359,filled_geom_edge,0.0,0.0,0.0,0.0,0.0,0.0,0.4358974358974359,0.0,0.1282051282051282,0.0,2419,2165,254,0.8949979330301777,17,2148
wood_floor,12948,12948,0,wood_material,0.0,solid_surface,0.985712079085573,filled_geom_edge,0.0,0.0,0.0,0.0,0.0,0.0,0.985712079085573,7.723200494284832e-05,0.001699104108742663,0.0,2419,2165,254,0.8949979330301777,17,2148
wood_wall,23699,23699,0,wood_material,0.0,solid_surface,0.9876788050128698,filled_geom_edge,0.0,0.0,0.0,0.0,0.0,0.0,0.9876788050128698,0.009789442592514451,0.0010970927043335162,0.0,2419,2165,254,0.8949979330301777,17,2148
