piece_type,pixel_count,expected_label,expected_label_frac,top_label,top_label_frac,metal_or_glass_frac,wood_material_frac,stone_hard_frac,soft_material_frac,foliage_frac,hard_smooth_frac,solid_surface_frac,geom_edge_frac,uncertain_frac
bar_counter,493,wood_material,0.0,solid_surface,0.5598377281947262,0.0,0.0,0.0,0.0,0.0,0.0,0.5598377281947262,0.2413793103448276,0.09533468559837728
bottle,87,,,solid_surface,0.6551724137931034,0.0,0.0,0.0,0.0,0.0,0.0,0.6551724137931034,0.1839080459770115,0.10344827586206896
chair,1349,wood_material,0.0,solid_surface,0.9392142327650111,0.0,0.0,0.0,0.0,0.0,0.0,0.9392142327650111,0.0029651593773165306,0.018532246108228317
chair_back,1397,,,solid_surface,0.9656406585540444,0.0,0.0,0.0,0.0,0.0,0.0,0.9656406585540444,0.010021474588403722,0.006442376521116679
shelf,229,wood_material,0.0,uncertain,0.37117903930131,0.0,0.0,0.0,0.0,0.0,0.0,0.2794759825327511,0.24890829694323144,0.37117903930131
table_top,78,wood_material,0.0,solid_surface,0.4358974358974359,0.0,0.0,0.0,0.0,0.0,0.0,0.4358974358974359,0.0,0.1282051282051282
wood_floor,12948,wood_material,0.0,solid_surface,0.9856348470806302,0.0,0.0,0.0,0.0,0.0,0.0,0.9856348470806302,0.00015446400988569664,0.001699104108742663
wood_wall,23699,wood_material,0.0,solid_surface,0.9048483058356893,0.0,0.0,0.0,0.0,0.0,0.0,0.9048483058356893,0.09312629224861808,0.0010970927043335162
