piece_type,pixel_count,acoustic_intensity_mean,acoustic_intensity_p50,acoustic_intensity_p90,ultrasonic_intensity_mean,ultrasonic_intensity_p50,ultrasonic_intensity_p90,acoustic_texture_mean,acoustic_texture_p50,acoustic_texture_p90,acoustic_softness_mean,acoustic_softness_p50,acoustic_softness_p90,depth_variance_mean,depth_variance_p50,depth_variance_p90,light_coh_mean,light_coh_p50,light_coh_p90,light_anti_mean,light_anti_p50,light_anti_p90,sound_coh_mean,sound_coh_p50,sound_coh_p90,sound_anti_mean,sound_anti_p50,sound_anti_p90
foliage,22,0.14545454545454548,0.08,0.44,0.11090909090909093,0.03,0.47500000000000003,0.6824730163031206,0.7272727272727273,0.7272727272727273,0.5345454545454547,0.55,0.55,0.979940216296958,0.0,4.450542146875694,0.9192089501045015,1.0,1.0,0.9250260623991117,1.0,1.0,0.973292214910579,1.0,1.0,0.9752152272393757,1.0,1.0
ground,7044,0.7999659284497447,0.8,0.8000000000000002,0.9199578837781565,0.92,0.92,0.4651174322721454,0.46511627906976744,0.4651162790697675,0.3800080446715881,0.38,0.3800000000000001,0.003163175079170731,0.00017241952483004752,0.005810655295536902,0.8459211888634435,0.9732778075766816,1.0,0.6750859730505366,0.7411774550073198,1.0,0.8459053613321335,0.9732778075766817,1.0,0.6750747275038994,0.7411774550073199,1.0
