piece_type,pixel_count,expected_label,expected_label_frac,top_label,top_label_frac,metal_or_glass_frac,wood_material_frac,stone_hard_frac,soft_material_frac,foliage_frac,hard_smooth_frac,solid_surface_frac,geom_edge_frac,uncertain_frac
backdrop,4525,,,hard_smooth,0.9312707182320442,0.0,0.011270718232044199,0.00861878453038674,0.0,0.0,0.9312707182320442,0.013701657458563535,0.028729281767955802,0.0033149171270718232
carpet,178,soft_material,0.06741573033707865,partial_occluder,0.4438202247191011,0.0,0.0,0.0,0.06741573033707865,0.08426966292134831,0.0,0.0,0.37640449438202245,0.011235955056179775
cloth,132,soft_material,0.3181818181818182,geom_edge,0.6742424242424242,0.0,0.0,0.0,0.3181818181818182,0.0,0.0,0.0,0.6742424242424242,0.0
foliage,398,foliage,0.010050251256281407,geom_edge,0.4824120603015075,0.0,0.0,0.0,0.007537688442211055,0.010050251256281407,0.007537688442211055,0.02512562814070352,0.4824120603015075,0.12562814070351758
ground,24020,,,solid_surface,0.8261865112406328,0.0,0.0027477102414654453,0.0006661115736885929,4.1631973355537055e-05,0.0,0.0,0.8261865112406328,0.03913405495420483,0.07277268942547876
metal,36,metal_or_glass,0.05555555555555555,geom_edge,0.5,0.05555555555555555,0.08333333333333333,0.0,0.0,0.0,0.05555555555555555,0.16666666666666666,0.5,0.0
plastic,84,,,partial_occluder,0.6071428571428571,0.0,0.0,0.0,0.011904761904761904,0.0,0.0,0.09523809523809523,0.2857142857142857,0.0
stone,275,stone_hard,0.10181818181818182,geom_edge,0.84,0.0,0.0036363636363636364,0.10181818181818182,0.0,0.0,0.0,0.007272727272727273,0.84,0.014545454545454545
wood,122,wood_material,0.10655737704918032,geom_edge,0.5409836065573771,0.0,0.10655737704918032,0.0,0.0,0.0,0.0,0.16393442622950818,0.5409836065573771,0.00819672131147541
