piece_type,pixel_count,valid_pixel_count,ignored_pixel_count,expected_label,expected_label_frac,top_label,top_label_frac,report_suffix,metal_or_glass_frac,wood_material_frac,stone_hard_frac,soft_material_frac,foliage_frac,hard_smooth_frac,solid_surface_frac,geom_edge_frac,uncertain_frac,sky_frac
backdrop,4525,4395,130,,,hard_smooth,0.9588168373151308,core_ignore_geom_edge,0.0,0.011604095563139932,0.008873720136518772,0.0,0.0,0.9588168373151308,0.014106939704209329,0.0,0.0034129692832764505,0.0
carpet,178,111,67,soft_material,0.10810810810810811,partial_occluder,0.7117117117117117,core_ignore_geom_edge,0.0,0.0,0.0,0.10810810810810811,0.13513513513513514,0.0,0.0,0.0,0.018018018018018018,0.0
cloth,132,43,89,soft_material,0.9767441860465116,soft_material,0.9767441860465116,core_ignore_geom_edge,0.0,0.0,0.0,0.9767441860465116,0.0,0.0,0.0,0.0,0.0,0.0
foliage,398,206,192,foliage,0.019417475728155338,partial_occluder,0.6067961165048543,core_ignore_geom_edge,0.0,0.0,0.0,0.014563106796116505,0.019417475728155338,0.014563106796116505,0.04854368932038835,0.0,0.24271844660194175,0.0
ground,24020,23080,940,,,solid_surface,0.8598353552859619,core_ignore_geom_edge,0.0,0.002859618717504333,0.0006932409012131716,4.3327556325823225e-05,0.0,0.0,0.8598353552859619,0.0,0.075736568457539,0.0
metal,36,18,18,metal_or_glass,0.1111111111111111,solid_surface,0.3333333333333333,core_ignore_geom_edge,0.1111111111111111,0.16666666666666666,0.0,0.0,0.0,0.1111111111111111,0.3333333333333333,0.0,0.0,0.0
plastic,84,60,24,,,partial_occluder,0.85,core_ignore_geom_edge,0.0,0.0,0.0,0.016666666666666666,0.0,0.0,0.13333333333333333,0.0,0.0,0.0
stone,275,44,231,stone_hard,0.6363636363636364,stone_hard,0.6363636363636364,core_ignore_geom_edge,0.0,0.022727272727272728,0.6363636363636364,0.0,0.0,0.0,0.045454545454545456,0.0,0.09090909090909091,0.0
wood,122,56,66,wood_material,0.23214285714285715,solid_surface,0.35714285714285715,core_ignore_geom_edge,0.0,0.23214285714285715,0.0,0.0,0.0,0.0,0.35714285714285715,0.0,0.017857142857142856,0.0
